id,manager,successor,reason
1,BlackRock,,
2,Dimensional Fund Advisors,,
3,Fidelity,,
4,Eaton Vance,,
5,Vanguard,,
6,StepStone,,
7,Cliffwater,,
8,T. Rowe Price,,
9,Capital Group (American Funds),,
10,SunAmerica,,
11,Pantheon,,
12,Partners Group,,
13,Allspring,,
14,Invesco,,
15,Ironwood,,
16,PGIM,,
17,AST,,
18,SSGA,,
19,Hamilton Lane,,
20,Neuberger Berman,,
21,Ares,,
22,Alpinvest,,
23,Empowered,,
24,Brookfield,,
25,Franklin Templeton,,
26,Macquarie,,
27,Coatue,,
28,Principal,,
29,J.P. Morgan,,
30,Harrison Street,,
31,Horizon Kinetics,,
32,Teachers,,
33,Pacific Life,,
34,First Trust,,
35,iCapital,,
36,DWS,,
37,Pear Tree,,
38,Coller,,
39,Fundrise,,
40,PIMCO,,
41,Stone Ridge,,
42,Alger,,
43,Oxford Lane,,
44,Portfolio,,
45,Pomona,,
46,FS,,
47,NexPoint,,
48,AllianceBernstein,,
49,Tiaa-cref,,
50,The Private Shares Fund,,
51,Morgan Stanley,,
52,Jackson National,,
53,Boston,,
54,Bow River,,
55,Lazard,,
56,SkyBridge,,
57,Baillie Gifford,,
58,ARK Invest,,
59,Pacific Heights,,
60,Constitution,,
61,Schroder,,
62,Matson Money,,
63,Ardian,,
64,Harding Loevner,,
65,Victory,,
66,WisdomTree,,
67,Aspiriant,,
68,CAZ,,
69,Lord Abbett,,
70,Blue Owl,,
71,Adams Street,,
72,Calamos,,
73,Flowstone,,
74,Destiny Capital,,
75,New York Life Investments,,
76,Janus Henderson,,
77,CION Ares,,
78,Penn,,
79,Krane,,
80,First Pacific,,
81,abrdn,,
82,Oberweis,,
83,Blackstone,,
84,SEI,,
85,Variant,,
86,HarbourVest,,
87,Segall Bryant,,
88,AQR,,
89,UBS,,
90,Security Investors,,
91,Brighton Jones,,
92,50 South,,
93,Brighthouse,,
94,Robinhood,,
95,Beacon Pointe,,
96,Apollo,,
97,Thrivent,,
98,Endowment,,
99,GCM Grosvenor,,
100,ABS,,
101,Carlyle,,
102,ERShares,,
103,Global X,,
104,John Hancock,,
105,Primark,,
106,Grandeur Peak,,
107,Russell,,
108,Nomura,,
109,Aetos,,
110,HC,,
111,Tocqueville,,
112,Hamilton,,
113,Cantor Fitzgerald,,
114,Securian,,
115,Wilshire,,
116,Variable Annuity,,
117,M83,,
118,BBR,,
119,JO Hambro,,
120,CION Grosvenor,,
121,Transamerica,,
122,Kopernik,,
123,HB,,
124,Goldman Sachs,,
125,Columbia Threadneedle,,
126,Brandes,,
127,Sprott,,
128,Northern Trust,,
129,GQG,,
130,Putnam,,
131,Causeway,,
132,Saba,,
133,First Eagle,,
134,Hartford Funds,,
135,Cohen Steers,,
136,TIFF,,
137,Lincoln,,
138,Bluerock,,
139,AB CarVal,,
140,Eventide,,
141,Equitable,,
142,Wellington,,
143,Nuveen,,
144,Virtus,,
145,OFS,,
146,Guggenheim,,
147,Johcm,,
148,Voya,,
149,CAIS,,
150,Resource,,
151,Accordant,,
152,Bamco,,
153,Calvert,,
154,KKR,,
155,Liquid,,
156,Water Island,,
157,Flat Rock,,
158,Merk,,
159,Thornburg,,
160,Nationwide,,
161,Grantham Mayo,,
162,Oaktree,,
163,Federated,,
164,Exchange Traded,,
165,Princeton,,
166,Eagle Point,,
167,Driehaus,,
168,Touchstone,,
169,GuideStone,,
170,Evanston,,
171,William Blair,,
172,Arrow,,
173,REX,,
174,Patient,,
175,Tortoise,,
176,Forum,,
177,F. L. Putnam,,
178,Clearwater,,
179,Brown Brothers,,
180,Destra,,
181,Privacore,,
182,Hotchkis Wiley,,
183,Skypoint,,
184,Westwood,,
185,Recurrent,,
186,Artisan Partners,,
187,Advisors Preferred,,
188,Advisors,,
189,Oxford Park,,
190,LoCorr,,
191,iDirect,,
192,Aristotle,,
193,Emery,,
194,Meketa,,
195,Mount Logan,,
196,Meridian,,
197,Brinker,,
198,Sanders,,
199,Massachusetts,,
200,Strategic,,
201,Cullen,,
202,Acadian,,
203,ALPS,,
204,HSBC,,
205,BNY Mellon,,
206,Sierra Crest,,
207,Matthews,,
208,American Beacon,,
209,Thirdline,,
210,Ashmore,,
211,Osterweis,,
212,Morningstar,,
213,Charles Schwab,,
214,Pzena,,
215,EURO Pacific,,
216,Primecap,,
217,Natixis,,
218,Aksia,,
219,Wasatch Global Investors,,
220,Consulting,,
221,Mondrian,,
222,Tuttle,,
223,Reaves,,
224,Abrdn Asia,,
225,Ariel,,
226,Barings,,
227,Yorktown,,
228,Connetic RIA,,
229,C1,,
230,Willow,,
231,Ninety One,,
232,Smead,,
233,MML,,
234,Focus,,
235,Christian Brothers,,
236,MA,,
237,FS Specialty,,
238,CNI RECF,,
239,OneAscent,,
240,Fairway,,
241,Timothy,,
242,USVC,,
243,ARGA,,
244,Impax,,
245,CIM,,
246,Hood River,,
247,Venerable,,
248,Polar,,
249,Vulcan Value,,
250,TCW,,
251,Rondure,,
252,Brigade,,
253,Salient,,
254,Loomis Sayles,,
255,BW,,
256,Allianz,,
257,Metropolitan WEST,,
258,OHA,,
259,PineStone,,
260,Sweater Industries,,
261,Bessemer,,
262,Atlas,,
263,Financial,,
264,Fairholme,,
265,Chiron,,
266,Phaeacian,,
267,Holbrook Holdings,,
268,Easterly,,
269,VanEck,,
270,Sovereign,,
271,Sands,,
272,LSV,,
273,Cavalier,,
274,Accrued Equities,,
275,Knights,,
276,Angel Oak,,
277,Manulife,,
278,Praxis,,
279,American Century,,
280,Crow Point,,
281,Olive Street,,
282,CWM,,
283,FS Multi-Alternative,,
284,Proshare,,
285,ACR Alpine,,
286,Sprucegrove,,
287,Altrinsic,,
288,Saturna,,
289,Invenomic,,
290,Dunham Associates,,
291,Lyrical,,
292,CrossingBridge,,
293,U.S.,,
294,13D,,
295,Centerstone Investors,,
296,Pichardo,,
297,Guinness Atkinson,,
298,Harris Associates,,
299,Simplify,,
300,Alpha Growth,,
301,Davis Selected,,
302,Sims,,
303,Cornerstone,,
304,Horizon,,
305,Ironhorse,,
306,RWC,,
307,Intrepid,,
308,Aperture Investors,,
309,Principal Street,,
310,GoldenTree,,
311,BMO,,
312,First Sentier,,
313,City National,,
314,Eagle,,
315,Brookfield Public,,
316,Polen,,
317,Concorde,,
318,Kensington,,
319,Goehring Rozencwajg,,
320,Tema,,
321,Trillium,,
322,Corbin,,
323,Shelton,,
324,Amundi,,
325,M Financial,,
326,Intelligence Driven,,
327,Sterling,,
328,Ellington,,
329,Callan,,
330,Schwartz,,
331,Redwood,,
332,1WS,,
333,RiverPark,,
334,SouthernSun,,
335,VELA,,
336,Mason Street,,
337,Rayliant,,
338,Gladstone,,
339,Miller Value,,
340,Sunbridge,,
341,Empower,,
342,FEG Investors,,
343,Ramsey Quantitative,,
344,Leader,,
345,SkyRock,,
346,North Square,,
347,Altegris,,
348,IM,,
349,Auxier,,
350,Gabelli,,
351,Cove Street,,
352,Brookmont,,
353,Morgan Creek,,
354,ArrowMark,,
355,Glenmede,,
356,WCM,,
357,DoubleLine,,
358,Onefund,,
359,Hatteras,,
360,Perpetual,,
361,Bulldog Investors,,
362,USA Mutuals,,
363,Vaughan Nelson,,
364,Smithbridge,,
365,Benefit Street,,
366,Pacific,,
367,Pacer,,
368,Knowledge Leaders,,
369,Arena,,
370,Green Century,,
371,Ivy Invest,,
372,Tanaka,,
373,Cerity,,
374,ICON,,
375,Brown,,
376,Carosa Stanton,,
377,Madison,,
378,Seven Canyons,,
379,Weiss Multi-Strategy,,
380,AmericaFirst,,
381,Esoterica,,
382,Symmetry,,
383,Zacks,,
384,Amplfy,,
385,Regents Park,,
386,Aegis,,
387,Centre,,
388,Mercer,,
389,Manning Napier,,
390,Emerald,,
391,Rafferty,,
392,Silk Invest,,
393,PineBridge,,
394,New Age,,
395,RBC Rochdale,,
396,LMCG,,
397,Pinnacle,,
398,Scharf,,
399,Viking,,
400,AXS,,
401,Caravan,,
402,MetLife,,
403,Champlain,,
404,CIBC,,
405,Themes,,
406,Columbia Wanger,,
407,Parnassus,,
408,Cambiar Investors,,
409,RICE HALL,,
410,Templeton,,
411,Teton,,
412,Palmer Square,,
413,DBX,,
414,TrueMark,,
415,Jennison Associates,,
416,XA,,
417,New York,,
418,Saratoga,,
419,Mutual,,
420,Payden Rygel,,
421,Western,,
422,Clifford,,
423,Fiera,,
424,River Canyon,,
425,Orrell,,
426,FCA,,
427,ETF Managers,,
428,Catalyst,,
429,21Shares,,
430,Calamos Antetokounmpo,,
431,Homestead,,
432,Rivernorth,,
433,Foresters,,
434,Magnetar,,
435,Legal General,,
436,K2/D&S,,
437,Royce Associates,,
439,Cambria,,
440,Emles,,
441,Dodge COX,,
442,Quantum,,
443,Shenkman,,
444,Callodine,,
445,Stonebridge,,
446,Constellation,,
447,Bridgeway,,
448,Humankind Benefit,,
449,Third Avenue,,
450,Sound,,
451,Park Avenue,,
452,Vert,,
453,Herzfeld,,
454,Harbor,,
455,Acuitas,,
456,Wilmington,,
457,Motley Fool,,
458,Stephens,,
459,ClearBridge,,
460,Democracy,,
461,Impact Shares,,
462,Innealta,,
463,Fulcrum,,
464,U.S. Bancorp,,
465,ProFund,,
466,AssetMark,,
467,RBC,,
468,Matthew 25,,
469,Pacific Income,,
470,Jacob,,
471,Envestnet,,
472,Los Angeles,,
473,D. E. Shaw,,
474,Adler,,
475,Community,,
476,Global Atlantic,,
477,Midwood,,
478,Camelot Event-Driven,,
479,Kornitzer,,
480,James,,
481,Innovator,,
482,PPM,,
483,Counterpoint,,
484,Moerus,,
485,Universal,,
486,Geneva,,
487,Pekin Hardy,,
488,Gotham,,
489,Domini Impact,,
490,Stone Harbor,,
491,Defiance ETFs,,
492,Altair,,
493,AGF,,
494,Marsico,,
495,Weitz,,
496,Wahed Invest,,
497,Powerlaw,,
498,Central Securities,,
499,EA Series,,
500,AFA,,
501,RoboStrategy,,
502,Kayne Anderson,,
503,Innovation Access,,
504,Origin,,
505,Oaktree Asset-Backed,,
506,SEI Exchange,,
507,BMC,,
508,Northeast Investors,,
509,2023,,
510,Northern Lights,,
511,Advanced Series,,
512,Diameter Dynamic,,
513,Listed,,
514,AMG BBH,,
515,AFL CIO,,
516,Cyber Hornet,,
517,Baron Capital,,
518,Adams Diversified,,
519,Zell,,
520,180 Degree,,
521,Valkyrie,,
522,CC,,
523,Datum One,,
524,Simplify Exchange,,
525,Champion,,
526,Copeland Trust,,
527,WisdomTree Trust,,
528,Innovator ETFs,,
529,MFS Active,,
530,Reynders McVeigh,,
